Chr	all_gene_count	all_expr_sum_T	all_expr_mean_T	all_log2_expr_sum_T	all_log2_expr_mean_T	all_expr_sum_O	all_expr_mean_O	all_log2_expr_sum_O	all_log2_expr_mean_O	Tenr_gene_count	Tenr_expr_sum	Tenr_expr_mean	Tenr_log2_expr_sum	Tenr_log2_expr_mean	Tenr_gene_ratio	Oenr_gene_count	Oenr_expr_sum	Oenr_expr_mean	Oenr_log2_expr_sum	Oenr_log2_expr_mean	Oenr_gene_ratio
chr1	2	128.500000	64.250000	11.944895	5.972448	8.000000	4.000000	4.629357	2.314678	2	128.500000	64.250000	11.944895	5.972448	1.000000	0	0.000000	0.000000	0.000000	0.000000	0.000000
chr2	2	6.000000	3.000000	3.977280	1.988640	123.500000	61.750000	11.911392	5.955696	0	0.000000	0.000000	0.000000	0.000000	0.000000	2	123.500000	61.750000	11.911392	5.955696	1.000000
chr3	2	19.550000	9.775000	4.954196	2.477098	15.950000	7.975000	4.580447	2.290224	0	0.000000	0.000000	0.000000	0.000000	0.000000	0	0.000000	0.000000	0.000000	0.000000	0.000000
