GeneID	Location	Length	T	O	Liver	Brain
GeneT1	chr1:100-300	201	82.000000	4.500000	2.500000	2.500000
GeneT2	chr1:500-800	301	46.500000	3.500000	2.000000	1.500000
GeneO1	chr2:200-450	251	3.500000	71.000000	2.500000	2.000000
GeneO2	chr2:900-1200	301	2.500000	52.500000	1.500000	1.500000
GeneM1	chr3:100-400	301	19.000000	15.500000	12.500000	11.500000
GeneLow	chr3:800-900	101	0.550000	0.450000	0.350000	0.450000
